,DoS,Normal,Probe,R2L,U2R,overall
su_attempted,0.0001356830518938132,0.00014156299348410116,0.0002960096966510012,0.00023993686522727486,0.00030421601210179857,0.00022348172387159776
src_bytes,0.00061928801043043,0.0005014121486027943,7.33331095152601e-05,0.0003158413113412935,0.0003141485810552687,0.0003648046321890093
hot,0.020278431152553598,0.01969550557953401,0.0021822075503416753,0.02146742035694639,0.1341675221437932,0.03955821735663377
diff_srv_rate,0.01857520765737729,0.007912210213919682,0.1811608814213635,0.009502212403780136,0.00660690880239778,0.044751484099767674
serror_rate,0.06215279533501583,0.05394911919502666,0.06674035494302143,0.041793898347869965,0.02446396517679383,0.04982002659954554
protocol_type,0.051503422184685684,0.043296780142043446,0.07226473931094478,0.049677508318413846,0.054598916285496575,0.054268273248316866
dst_host_diff_srv_rate,0.039649274058153376,0.013020432279129916,0.21056420473984447,0.048555394453178496,0.0361107500823934,0.06958001112253993
same_srv_rate,0.17389793819970228,0.0482009846185309,0.08311766303729547,0.05631736792210292,0.017479144124120646,0.07580261958035044
service,0.03464373040749995,0.1626599408366113,0.06428625500891642,0.12195245027300548,0.32566100613823445,0.14184067653285354
flag,0.24324047488248715,0.16167084161451137,0.16266563655196822,0.07072828341781089,0.126938412194144,0.15304872973218434
