,0
src_bytes,6.0474014
count,2.9947767
dst_bytes,2.345383
dst_host_same_src_port_rate,2.2353194
service,1.922143
dst_host_srv_count,1.9101236
dst_host_diff_srv_rate,1.5629866
dst_host_serror_rate,1.3805594
protocol_type,1.241353
duration,1.1378961
dst_host_same_srv_rate,1.1161265
same_srv_rate,0.9954094
dst_host_count,0.9709417
flag,0.87147105
dst_host_rerror_rate,0.8398115
dst_host_srv_serror_rate,0.75915706
srv_count,0.75672954
hot,0.73166484
logged_in,0.5874881
dst_host_srv_diff_host_rate,0.53615737
diff_srv_rate,0.37942275
rerror_rate,0.30018002
wrong_fragment,0.23127487
dst_host_srv_rerror_rate,0.2132125
serror_rate,0.1953462
root_shell,0.18361709
srv_serror_rate,0.1824263
is_guest_login,0.11042362
srv_diff_host_rate,0.050757643
num_compromised,0.049672022
srv_rerror_rate,0.02241845
num_failed_logins,0.019961165
num_file_creations,0.012742821
num_root,0.008383329
num_shells,8.2907965e-05
urgent,0.0
land,0.0
num_outbound_cmds,0.0
num_access_files,0.0
is_host_login,0.0
su_attempted,0.0
