set,clf,acc,macroF1,F1_DoS,F1_Normal,F1_Probe,F1_R2L,F1_U2R
BWOA-10,RF,0.7620209368346345,0.5162611057571276,0.8702916605598711,0.7930261097710635,0.7631688096225633,0.01783264746227709,0.136986301369863
BWOA-10,XGB,0.7330110007097232,0.47523008767465447,0.8471380471380472,0.767722797816087,0.7020734812659148,0.002073255010366275,0.05714285714285714
SHAP-10,RF,0.741084102200142,0.5104848374204871,0.847680143219454,0.7706444498897329,0.703205285050159,0.0975609756097561,0.13333333333333333
SHAP-10,XGB,0.740596167494677,0.53170871653392,0.842374154770849,0.769795918367347,0.7200577200577201,0.1013157894736842,0.225
MI-10,RF,0.7490241305890702,0.5000224775569514,0.8653888200568471,0.7803666763233043,0.7109430394705744,0.008278716798896172,0.13513513513513514
MI-10,XGB,0.7600248403122782,0.5201647803505539,0.8751736745886655,0.78546121462215,0.7671171171171172,0.013071895424836602,0.16
All-41,RF,0.7550124201561391,0.5010058820554745,0.8715616518741289,0.7808745200049548,0.7502351834430856,0.017851012701682115,0.08450704225352113
All-41,XGB,0.7678317955997161,0.5654511494231171,0.8793366790312023,0.7904889708965864,0.7657430730478589,0.1025303976339139,0.2891566265060241
Random-10 #0,RF,0.6853708303761533,0.45484947828648875,0.7392868825646058,0.7598813437023971,0.5138121546961326,0.15315890236119975,0.10810810810810811
Random-10 #0,XGB,0.6966820440028388,0.4573735799167761,0.7572548702610945,0.7701913720402206,0.5026199958080068,0.2012461059190031,0.05555555555555555
Random-10 #1,RF,0.67902767920511,0.4385403697117921,0.7304897314375988,0.7532498796340876,0.5482050124181531,0.052649116961012994,0.10810810810810811
Random-10 #1,XGB,0.6786284599006388,0.4387293390250466,0.7335760645876207,0.7538430824515872,0.5325987144168962,0.040295500335795834,0.13333333333333333
Random-10 #2,RF,0.7335876508161817,0.49028177938141815,0.8512335647806175,0.7768871075484302,0.5857908847184986,0.10236220472440945,0.13513513513513514
Random-10 #2,XGB,0.734430447125621,0.5046252448825266,0.855184611983197,0.7757938985308195,0.581959706959707,0.10239579914670167,0.2077922077922078
Random-10 #3,RF,0.7344748048261178,0.45424244860692814,0.8435222370965343,0.7800438505770901,0.6462630294965624,0.0013831258644536654,0.0
Random-10 #3,XGB,0.7272444996451384,0.4639051963648285,0.8223973329292317,0.7785678849016041,0.6268849633778544,0.06427854034147974,0.0273972602739726
Random-10 #4,RF,0.7423261178140526,0.5021091761132427,0.8225069966121668,0.7852061405333445,0.6867073743541569,0.1589825119236884,0.05714285714285714
Random-10 #4,XGB,0.756165720369056,0.5254028321105855,0.841025641025641,0.7907639441813686,0.7021780303030303,0.23590368790003047,0.05714285714285714
